<?xml version="1.0" encoding="UTF-8"?>
<!DOCTYPE mapper PUBLIC "-//mybatis.org//DTD Mapper 3.0//EN" "http://mybatis.org/dtd/mybatis-3-mapper.dtd">
<mapper namespace="com.wbg.treasure.dao.AwardInformationMapper">
  <resultMap id="BaseResultMap" type="com.wbg.treasure.entity.AwardInformation">
    <!--
      WARNING - @mbg.generated
      This element is automatically generated by MyBatis Generator, do not modify.
    -->
    <id column="UUID" jdbcType="INTEGER" property="uuid" />
    <result column="page_uuid" jdbcType="VARCHAR" property="pageUuid" />
    <result column="page_connent" jdbcType="VARCHAR" property="pageConnent" />
    <result column="get_time" jdbcType="VARCHAR" property="getTime" />
    <result column="all_content" jdbcType="VARCHAR" property="allContent" />
    <result column="get_statis" jdbcType="VARCHAR" property="getStatis" />
  </resultMap>
  <delete id="deleteByPrimaryKey" parameterType="java.lang.Integer">
    <!--
      WARNING - @mbg.generated
      This element is automatically generated by MyBatis Generator, do not modify.
    -->
    delete from award_information
    where UUID = #{uuid,jdbcType=INTEGER}
  </delete>
  <insert id="insert" parameterType="com.wbg.treasure.entity.AwardInformation">
    <!--
      WARNING - @mbg.generated
      This element is automatically generated by MyBatis Generator, do not modify.
    -->
    insert into award_information (UUID, page_uuid, page_connent, 
      get_time, all_content, get_statis
      )
    values (#{uuid,jdbcType=INTEGER}, #{pageUuid,jdbcType=VARCHAR}, #{pageConnent,jdbcType=VARCHAR}, 
      now(), #{allContent,jdbcType=VARCHAR}, #{getStatis,jdbcType=VARCHAR}
      )
  </insert>
  <update id="updateByPrimaryKey" parameterType="com.wbg.treasure.entity.AwardInformation">
    <!--
      WARNING - @mbg.generated
      This element is automatically generated by MyBatis Generator, do not modify.
    -->
    update award_information
    set page_uuid = #{pageUuid,jdbcType=VARCHAR},
      page_connent = #{pageConnent,jdbcType=VARCHAR},

      all_content = #{allContent,jdbcType=VARCHAR},
      get_statis = #{getStatis,jdbcType=VARCHAR}
    where UUID = #{uuid,jdbcType=INTEGER}
  </update>
  <select id="selectByPrimaryKey" parameterType="java.lang.Integer" resultMap="BaseResultMap">
    <!--
      WARNING - @mbg.generated
      This element is automatically generated by MyBatis Generator, do not modify.
    -->
    select UUID, page_uuid, page_connent, get_time, all_content, get_statis
    from award_information
    where UUID = #{uuid,jdbcType=INTEGER}
  </select>
  <select id="selectAll" resultMap="BaseResultMap">
    <!--
      WARNING - @mbg.generated
      This element is automatically generated by MyBatis Generator, do not modify.
    -->
    select UUID, page_uuid, page_connent, get_time, all_content, get_statis
    from award_information
  </select>
    <select id="count" resultType="java.lang.Integer">
      select count(1)
    from award_information
    </select>
  <select id="getjs" resultType="java.lang.String">
  SELECT page_uuid AS js FROM award_information ORDER BY  page_uuid DESC LIMIT 0,1
  </select>
</mapper>