<?xml version="1.0" encoding="UTF-8"?>
<!DOCTYPE mapper PUBLIC "-//mybatis.org//DTD Mapper 3.0//EN" "http://mybatis.org/dtd/mybatis-3-mapper.dtd">
<mapper namespace="com.wbg.treasure.dao.GetContentMapper">
  <resultMap id="BaseResultMap" type="com.wbg.treasure.entity.GetContent">
    <!--
      WARNING - @mbg.generated
      This element is automatically generated by MyBatis Generator, do not modify.
    -->
    <id column="UUID" jdbcType="VARCHAR" property="uuid" />
    <result column="page_uuid" jdbcType="VARCHAR" property="pageUuid" />
    <result column="get_time" jdbcType="VARCHAR" property="getTime" />
    <result column="get_statis" jdbcType="VARCHAR" property="getStatis" />
    <result column="key_connent" jdbcType="VARCHAR" property="keyConnent" />
    <result column="is_award" jdbcType="VARCHAR" property="isAward" />
    <result column="number_of_periods" jdbcType="VARCHAR" property="numberOfPeriods" />
    <result column="page_address" jdbcType="VARCHAR" property="pageAddress" />
    <result column="charset_code" jdbcType="VARCHAR" property="charsetCode" />
    <result column="page_connent" jdbcType="LONGVARCHAR" property="pageConnent" />
  </resultMap>
  <delete id="deleteByPrimaryKey" parameterType="java.lang.Integer">
    <!--
      WARNING - @mbg.generated
      This element is automatically generated by MyBatis Generator, do not modify.
    -->
    delete from get_content
    where UUID = #{uuid,jdbcType=VARCHAR}
  </delete>
  <insert id="insert" parameterType="com.wbg.treasure.entity.GetContent">
    <!--
      WARNING - @mbg.generated
      This element is automatically generated by MyBatis Generator, do not modify.
    -->
    insert into get_content (UUID,page_uuid, get_time,
      get_statis, key_connent, is_award, 
      number_of_periods, page_address, charset_code, 
      page_connent)
    values (#{uuid,jdbcType=VARCHAR},#{pageUuid,jdbcType=VARCHAR}, now(),
      #{getStatis,jdbcType=VARCHAR}, #{keyConnent,jdbcType=VARCHAR}, #{isAward,jdbcType=VARCHAR}, 
      #{numberOfPeriods,jdbcType=VARCHAR}, #{pageAddress,jdbcType=VARCHAR}, #{charsetCode,jdbcType=VARCHAR}, 
      #{pageConnent,jdbcType=LONGVARCHAR})
  </insert>
  <update id="updateByPrimaryKey" parameterType="com.wbg.treasure.entity.GetContent">
    <!--
      WARNING - @mbg.generated
      This element is automatically generated by MyBatis Generator, do not modify.
    -->
    update get_content
    set page_uuid = #{pageUuid,jdbcType=VARCHAR},
      is_award = #{isAward,jdbcType=VARCHAR},
      key_connent = #{keyConnent,jdbcType=VARCHAR},
      number_of_periods = #{numberOfPeriods,jdbcType=VARCHAR},
    where UUID = #{uuid,jdbcType=VARCHAR}
  </update>
  <select id="selectByPrimaryKey"  resultMap="BaseResultMap">
    <!--
      WARNING - @mbg.generated
      This element is automatically generated by MyBatis Generator, do not modify.
    -->
    select UUID, page_uuid, get_time, get_statis, key_connent, is_award, number_of_periods, 
    page_address, charset_code, page_connent
    from get_content
    where UUID = #{uuid,jdbcType=VARCHAR}
  </select>
  <select id="selectAll" resultMap="BaseResultMap">
    <!--
      WARNING - @mbg.generated
      This element is automatically generated by MyBatis Generator, do not modify.
    -->
    SELECT UUID, page_uuid, get_time, get_statis, key_connent, is_award, number_of_periods,
    page_address, charset_code, "网页内容" AS page_connent
    FROM get_content GROUP BY UUID DESC
  </select>
  <select id="count" resultType="java.lang.Integer">
      select count(1)
    from get_content
    </select>
</mapper>