<?xml version="1.0" encoding="UTF-8"?>
<!DOCTYPE mapper PUBLIC "-//mybatis.org//DTD Mapper 3.0//EN" "http://mybatis.org/dtd/mybatis-3-mapper.dtd">
<mapper namespace="com.wbg.treasure.dao.ScheduleLogMapper">
  <resultMap id="BaseResultMap" type="com.wbg.treasure.entity.ScheduleLog">
    <!--
      WARNING - @mbg.generated
      This element is automatically generated by MyBatis Generator, do not modify.
    -->
    <result column="UUID" jdbcType="INTEGER" property="uuid" />
    <result column="class_name" jdbcType="VARCHAR" property="className" />
    <result column="start_time" jdbcType="VARCHAR" property="startTime" />
    <result column="end_time" jdbcType="VARCHAR" property="endTime" />
    <result column="datasource" jdbcType="VARCHAR" property="datasource" />
    <result column="status_log" jdbcType="VARCHAR" property="statusLog" />
  </resultMap>
  <insert id="insert" parameterType="com.wbg.treasure.entity.ScheduleLog">
    <!--
      WARNING - @mbg.generated
      This element is automatically generated by MyBatis Generator, do not modify.
    -->
    insert into schedule_log (class_name, start_time,
      end_time, datasource, status_log
      )
    values (#{className,jdbcType=VARCHAR}, #{startTime,jdbcType=VARCHAR},
      #{endTime,jdbcType=VARCHAR}, #{datasource,jdbcType=VARCHAR}, #{statusLog,jdbcType=VARCHAR}
      )
  </insert>
  <update id="updateByPrimaryKey"></update>
  <delete id="deleteByPrimaryKey"></delete>
  <select id="selectAll" resultMap="BaseResultMap">
    <!--
      WARNING - @mbg.generated
      This element is automatically generated by MyBatis Generator, do not modify.
    -->
    select UUID, class_name, start_time, end_time, datasource, status_log
    from schedule_log
  </select>
  <select id="selectByPrimaryKey" resultType="com.wbg.treasure.entity.ScheduleLog"></select>
  <select id="count" resultType="java.lang.Integer"></select>
</mapper>