<?xml version="1.0" encoding="UTF-8"?>
<!DOCTYPE mapper PUBLIC "-//mybatis.org//DTD Mapper 3.0//EN" "http://mybatis.org/dtd/mybatis-3-mapper.dtd">
<mapper namespace="com.wbg.treasure.dao.ScheduleMapper">
  <resultMap id="BaseResultMap" type="com.wbg.treasure.entity.Schedule">
    <!--
      WARNING - @mbg.generated
      This element is automatically generated by MyBatis Generator, do not modify.
    -->
    <id column="UUID" jdbcType="INTEGER" property="uuid" />
    <result column="task_name" jdbcType="VARCHAR" property="taskName" />
    <result column="task_description" jdbcType="VARCHAR" property="taskDescription" />
    <result column="class_name" jdbcType="VARCHAR" property="className" />
    <result column="param" jdbcType="VARCHAR" property="param" />
    <result column="task_status" jdbcType="VARCHAR" property="taskStatus" />
    <result column="second" jdbcType="VARCHAR" property="second" />
    <result column="minute" jdbcType="VARCHAR" property="minute" />
    <result column="hour" jdbcType="VARCHAR" property="hour" />
    <result column="day" jdbcType="VARCHAR" property="day" />
    <result column="month" jdbcType="VARCHAR" property="month" />
    <result column="weekday" jdbcType="VARCHAR" property="weekday" />
    <result column="year" jdbcType="VARCHAR" property="year" />
    <result column="cron_expression" jdbcType="VARCHAR" property="cronExpression" />
  </resultMap>
  <delete id="deleteByPrimaryKey" parameterType="java.lang.Integer">
    <!--
      WARNING - @mbg.generated
      This element is automatically generated by MyBatis Generator, do not modify.
    -->
    delete from schedule
    where UUID = #{uuid,jdbcType=INTEGER}
  </delete>
  <insert id="insert" parameterType="com.wbg.treasure.entity.Schedule">
    <!--
      WARNING - @mbg.generated
      This element is automatically generated by MyBatis Generator, do not modify.
    -->
    insert into schedule ( task_name, task_description,
      class_name, param, task_status, 
      second, minute, hour, 
      day, month, weekday, 
      year, cron_expression)
    values (#{taskName,jdbcType=VARCHAR}, #{taskDescription,jdbcType=VARCHAR},
      #{className,jdbcType=VARCHAR}, #{param,jdbcType=VARCHAR}, #{taskStatus,jdbcType=VARCHAR}, 
      #{second,jdbcType=VARCHAR}, #{minute,jdbcType=VARCHAR}, #{hour,jdbcType=VARCHAR}, 
      #{day,jdbcType=VARCHAR}, #{month,jdbcType=VARCHAR}, #{weekday,jdbcType=VARCHAR}, 
      #{year,jdbcType=VARCHAR}, #{cronExpression,jdbcType=VARCHAR})
  </insert>
  <update id="updateByPrimaryKey" parameterType="com.wbg.treasure.entity.Schedule">
    <!--
      WARNING - @mbg.generated
      This element is automatically generated by MyBatis Generator, do not modify.
    -->
    update schedule
    set task_name = #{taskName,jdbcType=VARCHAR},
      task_description = #{taskDescription,jdbcType=VARCHAR},
      class_name = #{className,jdbcType=VARCHAR},
      param = #{param,jdbcType=VARCHAR},
      task_status = #{taskStatus,jdbcType=VARCHAR},
      second = #{second,jdbcType=VARCHAR},
      minute = #{minute,jdbcType=VARCHAR},
      hour = #{hour,jdbcType=VARCHAR},
      day = #{day,jdbcType=VARCHAR},
      month = #{month,jdbcType=VARCHAR},
      weekday = #{weekday,jdbcType=VARCHAR},
      year = #{year,jdbcType=VARCHAR},
      cron_expression = #{cronExpression,jdbcType=VARCHAR}
    where UUID = #{uuid,jdbcType=INTEGER}
  </update>
  <select id="selectByPrimaryKey" parameterType="java.lang.Integer" resultMap="BaseResultMap">
    <!--
      WARNING - @mbg.generated
      This element is automatically generated by MyBatis Generator, do not modify.
    -->
    select UUID, task_name, task_description, class_name, param, task_status, second, 
    minute, hour, day, month, weekday, year, cron_expression
    from schedule
    where UUID = #{uuid,jdbcType=INTEGER}
  </select>
  <select id="selectAll" resultMap="BaseResultMap">
    <!--
      WARNING - @mbg.generated
      This element is automatically generated by MyBatis Generator, do not modify.
    -->
    select UUID, task_name, task_description, class_name, param, task_status, second, 
    minute, hour, day, month, weekday, year, cron_expression
    from schedule
  </select>
  <select id="count" resultType="java.lang.Integer">
      select count(1)
    from schedule
    </select>
</mapper>