<?xml version="1.0" encoding="UTF-8"?>
<!DOCTYPE mapper PUBLIC "-//mybatis.org//DTD Mapper 3.0//EN" "http://mybatis.org/dtd/mybatis-3-mapper.dtd">
<mapper namespace="com.wbg.treasure.dao.WebsiteInformationMapper">
  <resultMap id="BaseResultMap" type="com.wbg.treasure.entity.WebsiteInformation">
    <!--
      WARNING - @mbg.generated
      This element is automatically generated by MyBatis Generator, do not modify.
    -->
    <id column="uuid" jdbcType="INTEGER" property="uuid" />
    <result column="page_address" jdbcType="VARCHAR" property="pageAddress" />
    <result column="page_name" jdbcType="VARCHAR" property="pageName" />
    <result column="page_status" jdbcType="VARCHAR" property="pageStatus" />
    <result column="page_time" jdbcType="VARCHAR" property="pageTime" />
    <result column="page_remarks" jdbcType="VARCHAR" property="pageRemarks" />
  </resultMap>
  <delete id="deleteByPrimaryKey" parameterType="java.lang.Integer">
    <!--
      WARNING - @mbg.generated
      This element is automatically generated by MyBatis Generator, do not modify.
    -->
    delete from website_information
    where uuid = #{uuid,jdbcType=INTEGER}
  </delete>
  <insert id="insert" parameterType="com.wbg.treasure.entity.WebsiteInformation">
    <!--
      WARNING - @mbg.generated
      This element is automatically generated by MyBatis Generator, do not modify.
    -->
    insert into website_information ( page_address, page_name,
      page_status, page_time, page_remarks
      )
    values ( #{pageAddress,jdbcType=VARCHAR}, #{pageName,jdbcType=VARCHAR},
      #{pageStatus,jdbcType=VARCHAR}, now(), #{pageRemarks,jdbcType=VARCHAR}
      )
  </insert>
  <update id="updateByPrimaryKey" parameterType="com.wbg.treasure.entity.WebsiteInformation">
    <!--
      WARNING - @mbg.generated
      This element is automatically generated by MyBatis Generator, do not modify.
    -->
    update website_information
    set page_address = #{pageAddress,jdbcType=VARCHAR},
      page_name = #{pageName,jdbcType=VARCHAR},
      page_status = #{pageStatus,jdbcType=VARCHAR},

      page_remarks = #{pageRemarks,jdbcType=VARCHAR}
    where uuid = #{uuid,jdbcType=INTEGER}
  </update>
  <select id="selectByPrimaryKey" parameterType="java.lang.Integer" resultMap="BaseResultMap">
    <!--
      WARNING - @mbg.generated
      This element is automatically generated by MyBatis Generator, do not modify.
    -->
    select uuid, page_address, page_name, page_status, page_time, page_remarks
    from website_information
    where uuid = #{uuid,jdbcType=INTEGER}
  </select>
  <select id="selectAll" resultMap="BaseResultMap">
    <!--
      WARNING - @mbg.generated
      This element is automatically generated by MyBatis Generator, do not modify.
    -->
    select uuid, page_address, page_name, page_status, page_time, page_remarks
    from website_information
  </select>
    <select id="count" resultType="java.lang.Integer">
       select count(1)
    from website_information
    </select>
</mapper>